From,To
N00,N02
N00,N30
N01,N02
N01,N03
N01,N17
N01,N00
N02,N01
N02,N00
N02,N13
N02,N03
N03,N01
N03,N02
N03,N05
N03,N13
N03,N17
N03,N04
N04,N17
N04,N05
N04,N06
N05,N06
N05,N03
N05,N04
N05,N06
N05,N08
N05,N14
N05,N07
N06,N05
N06,N04
N06,N08
N07,N05
N08,N10
N08,N14
N08,N11
N08,N09
N08,N06
N08,N05
N09,N18
N09,N08
N10,N11
N10,N08
N10,N18
N10,N12
N11,N12
N11,N15
N11,N10
N11,N08
N12,N19
N12,N52
N12,N16
N12,N11
N12,N10
N13,N02
N13,N03
N14,N05
N14,N08
N15,N11
N16,N52
N16,N12
N17,N04
N17,N03
N18,N10
N19,N12
N20,N53
N20,N52
N21,N27
N21,N22
N21,N49
N21,N26
N21,N25
N21,N24
N22,N21
N22,N27
N22,N52
N22,N28
N22,N49
N23,N24
N24,N21
N24,N23
N24,N25
N25,N24
N25,N21
N26,N21
N27,N52
N27,N22
N27,N21
N28,N49
N28,N52
N28,N22
N29,N48
N29,N33
N29,N32
N30,N31
N30,N32
N30,N44
N30,N00
N31,N36
N31,N32
N31,N30
N31,N44
N32,N29
N32,N30
N32,N31
N32,N33
N33,N29
N33,N32
N33,N36
N33,N35
N33,N34
N34,N45
N34,N36
N34,N35
N34,N33
N34,N38
N34,N46
N35,N33
N35,N48
N35,N38
N35,N34
N36,N45
N36,N32
N36,N31
N36,N33
N36,N35
N36,N34
N37,N50
N37,N42
N37,N43
N37,N52
N38,N45
N38,N46
N38,N39
N38,N41
N38,N48
N38,N35
N38,N34
N39,N46
N39,N40
N39,N41
N39,N38
N40,N39
N40,N41
N40,N43
N41,N49
N41,N42
N41,N43
N41,N39
N41,N40
N41,N38
N42,N49
N42,N50
N42,N41
N42,N37
N42,N43
N43,N40
N43,N47
N43,N52
N43,N37
N43,N42
N43,N41
N44,N30
N44,N31
N45,N38
N45,N36
N45,N34
N46,N39
N46,N38
N47,N54
N47,N53
N47,N52
N47,N43
N48,N49
N48,N21
N48,N41
N48,N38
N48,N35
N49,N28
N49,N50
N49,N22
N49,N41
N49,N21
N50,N42
N50,N37
N51,N52
N51,N53
N52,N47
N52,N43
N52,N51
N52,N37
N52,N28
N52,N50
N52,N20
N52,N16
N52,N12
N52,N19
N52,N22
N52,N27
N52,N53
N53,N47
N53,N51
N53,N52
N53,N54
N53,N20
N54,N53
N54,N55
N55,N54